
<beans xmlns="http://www.springframework.org/schema/beans"
	xmlns:xsi="http://www.w3.org/2001/XMLSchema-instance" xmlns:p="http://www.springframework.org/schema/p"
	xmlns:context="http://www.springframework.org/schema/context"
	xmlns:mvc="http://www.springframework.org/schema/mvc" xmlns:webflow="http://www.springframework.org/schema/webflow-config"
	xmlns:tx="http://www.springframework.org/schema/tx" 

	xsi:schemaLocation="
        http://www.springframework.org/schema/beans 
        http://www.springframework.org/schema/beans/spring-beans-3.0.xsd
        http://www.springframework.org/schema/context 
        http://www.springframework.org/schema/context/spring-context-3.0.xsd
        http://www.springframework.org/schema/mvc
        http://www.springframework.org/schema/mvc/spring-mvc-3.0.xsd
        http://www.springframework.org/schema/webflow-config
        http://www.springframework.org/schema/webflow-config/spring-webflow-config-2.0.xsd        
        http://www.springframework.org/schema/tx 
        http://www.springframework.org/schema/tx/spring-tx-3.0.xsd">

	<!-- we are using autowiring and component scanning for our beans you can 
		wire them manually if you prefer -->
	<context:component-scan base-package="com.virtualpairprogrammers">
		<context:exclude-filter type="annotation" expression="org.springframework.stereotype.Controller"/>
	</context:component-scan>

<!-- Removed for the demo to ensure we don't need a database present.
	<bean id="transactionManager" class="org.springframework.orm.jpa.JpaTransactionManager">
 		 <property name="entityManagerFactory" ref="entityManagerFactory" /> 
 	</bean>
 	<tx:annotation-driven /> 

	<bean id="datasource" class="org.apache.commons.dbcp.BasicDataSource"
		destroy-method="close">
		<property name="driverClassName" value="org.apache.derby.jdbc.ClientDriver" />
		<property name="url" value="jdbc:derby://localhost/MyDatabase" />
		<property name="password" value="APP" />
		<property name="username" value="APP" />
	</bean>

	<bean id="entityManagerFactory" class="org.springframework.orm.jpa.LocalContainerEntityManagerFactoryBean">
    	<property name="dataSource" ref="datasource"/>

		<property name="jpaVendorAdapter">
			<bean class="org.springframework.orm.jpa.vendor.HibernateJpaVendorAdapter">
				<property name="showSql" value="false"/>
				<property name="generateDdl" value="false"/>
			</bean>
		</property>
    </bean>
-->
</beans>